replicate,T_K,T_C,t_eq,ErrTraj,t_eq_mi,T_bin_K
1,283.15,10,1000.0,0.326228523,1000.0,283.15
1,285.15,12,1000.0,0.597007125,1000.0,283.15
1,287.15,14,1000.0,0.32388412,874.3718593,287.15
1,289.15,16,1000.0,0.102777221,1000.0,287.15
1,291.15,18,1000.0,0.141121634,1000.0,291.15
1,293.15,20,934.6733668,0.263913432,708.5427136,291.15
1,295.15,22,1000.0,-0.054463438,1000.0,295.15
1,297.15,24,1000.0,0.532900574,643.2160804,295.15
1,299.15,26,1000.0,0.234194196,1000.0,299.15
1,301.15,28,1000.0,0.188426732,1000.0,299.15
1,303.15,30,969.8492462,-0.143711732,90.45226131,303.15
1,305.15,32,1000.0,0.005671478,1000.0,303.15
1,307.15,34,1000.0,0.148515539,1000.0,307.15
1,309.15,36,221.1055276,0.314997521,150.7537688,307.15
1,311.15,38,763.8190955,1.178087511,517.5879397,311.15
1,313.15,40,201.0050251,0.028163546,201.0050251,311.15
2,283.15,10,1000.0,0.464497419,1000.0,283.15
2,285.15,12,1000.0,0.903631145,1000.0,283.15
2,287.15,14,1000.0,0.475119753,1000.0,287.15
2,289.15,16,1000.0,0.187154827,1000.0,287.15
2,291.15,18,1000.0,0.0268843,1000.0,291.15
2,293.15,20,1000.0,0.307528628,924.6231156,291.15
2,295.15,22,417.0854271,0.802208052,281.4070352,295.15
2,297.15,24,1000.0,0.075170731,351.758794,295.15
2,299.15,26,1000.0,0.099671724,1000.0,299.15
2,301.15,28,648.241206,0.034000385,170.8542714,299.15
2,303.15,30,537.6884422,-8.300286037,90.45226131,303.15
2,305.15,32,1000.0,-0.007742984,1000.0,303.15
2,307.15,34,396.9849246,0.514879035,376.8844221,307.15
2,309.15,36,713.5678392,-0.063176033,165.8291457,307.15
2,311.15,38,1000.0,0.219650278,1000.0,311.15
2,313.15,40,241.2060302,0.019424442,236.1809045,311.15
3,283.15,10,1000.0,0.498892735,1000.0,283.15
3,285.15,12,1000.0,0.486687702,1000.0,283.15
3,287.15,14,1000.0,0.252413232,1000.0,287.15
3,289.15,16,1000.0,0.195878266,1000.0,287.15
3,291.15,18,1000.0,0.007585035,1000.0,291.15
3,293.15,20,1000.0,0.453968964,1000.0,291.15
3,295.15,22,1000.0,-0.132384036,1000.0,295.15
3,297.15,24,844.2211055,1.244077019,738.6934673,295.15
3,299.15,26,1000.0,0.198176411,1000.0,299.15
3,301.15,28,1000.0,0.499691115,914.5728643,299.15
3,303.15,30,236.1809045,1.531039814,135.678392,303.15
3,305.15,32,1000.0,-0.029759901,758.7939698,303.15
3,307.15,34,1000.0,0.295411641,1000.0,307.15
3,309.15,36,276.3819095,0.234888564,110.5527638,307.15
3,311.15,38,1000.0,-0.006475047,371.8592965,311.15
3,313.15,40,346.7336683,0.005043559,221.1055276,311.15
4,283.15,10,1000.0,0.489861956,1000.0,283.15
4,285.15,12,1000.0,0.099005324,854.2713568,283.15
4,287.15,14,1000.0,0.158049599,683.4170854,287.15
4,289.15,16,1000.0,0.129102122,1000.0,287.15
4,291.15,18,1000.0,0.298171111,1000.0,291.15
4,293.15,20,1000.0,0.080593469,1000.0,291.15
4,295.15,22,1000.0,0.637548411,889.4472362,295.15
4,297.15,24,1000.0,1.331167293,939.6984925,295.15
4,299.15,26,1000.0,0.054450342,613.0653266,299.15
4,301.15,28,1000.0,0.800170218,914.5728643,299.15
4,303.15,30,522.6130653,0.173377536,80.40201005,303.15
4,305.15,32,1000.0,0.266939886,1000.0,303.15
4,307.15,34,1000.0,0.198982622,1000.0,307.15
4,309.15,36,502.5125628,0.0239936,216.080402,307.15
4,311.15,38,914.5728643,0.154477883,809.0452261,311.15
4,313.15,40,286.4321608,0.248566975,256.281407,311.15
5,283.15,10,1000.0,0.198908646,1000.0,283.15
5,285.15,12,1000.0,0.465717676,804.0201005,283.15
5,287.15,14,1000.0,0.27420925,1000.0,287.15
5,289.15,16,1000.0,0.331193996,1000.0,287.15
5,291.15,18,1000.0,0.096960351,1000.0,291.15
5,293.15,20,1000.0,0.25451352,638.1909548,291.15
5,295.15,22,1000.0,0.691931237,1000.0,295.15
5,297.15,24,1000.0,0.180896348,422.1105528,295.15
5,299.15,26,1000.0,0.148719258,1000.0,299.15
5,301.15,28,1000.0,0.203566511,1000.0,299.15
5,303.15,30,628.1407035,0.395736768,170.8542714,303.15
5,305.15,32,1000.0,-0.049903401,597.9899497,303.15
5,307.15,34,487.4371859,-0.044026996,482.4120603,307.15
5,309.15,36,552.7638191,0.059698986,256.281407,307.15
5,311.15,38,628.1407035,0.037609639,241.2060302,311.15
5,313.15,40,206.0301508,0.04875598,201.0050251,311.15
6,283.15,10,1000.0,0.518428058,1000.0,283.15
6,285.15,12,1000.0,0.525488793,1000.0,283.15
6,287.15,14,1000.0,0.069339538,1000.0,287.15
6,289.15,16,1000.0,0.218087443,1000.0,287.15
6,291.15,18,1000.0,0.085233672,1000.0,291.15
6,293.15,20,1000.0,0.403168261,1000.0,291.15
6,295.15,22,457.2864322,1.092249485,316.5829146,295.15
6,297.15,24,1000.0,0.182329611,708.5427136,295.15
6,299.15,26,1000.0,0.390803639,874.3718593,299.15
6,301.15,28,557.7889447,0.311716876,211.0552764,299.15
6,303.15,30,467.3366834,3.597354385,447.2361809,303.15
6,305.15,32,1000.0,0.019996517,914.5728643,303.15
6,307.15,34,939.6984925,0.103223136,653.2663317,307.15
6,309.15,36,1000.0,-2.419733043,145.7286432,307.15
6,311.15,38,899.4974874,0.134284838,316.5829146,311.15
6,313.15,40,190.9547739,0.020932994,190.9547739,311.15
7,283.15,10,1000.0,0.356590173,1000.0,283.15
7,285.15,12,1000.0,0.563727086,1000.0,283.15
7,287.15,14,1000.0,0.107908737,1000.0,287.15
7,289.15,16,1000.0,0.061414285,1000.0,287.15
7,291.15,18,1000.0,0.013770895,1000.0,291.15
7,293.15,20,1000.0,0.542034325,763.8190955,291.15
7,295.15,22,1000.0,0.562867845,1000.0,295.15
7,297.15,24,1000.0,0.74188431,1000.0,295.15
7,299.15,26,457.2864322,0.113645365,246.2311558,299.15
7,301.15,28,1000.0,0.551857687,592.9648241,299.15
7,303.15,30,120.6030151,0.772653233,65.32663317,303.15
7,305.15,32,1000.0,-0.022494234,768.8442211,303.15
7,307.15,34,396.9849246,0.142749665,261.3065327,307.15
7,309.15,36,678.3919598,-0.003493398,115.5778894,307.15
7,311.15,38,1000.0,0.055080977,376.8844221,311.15
7,313.15,40,246.2311558,0.015511127,246.2311558,311.15
8,283.15,10,1000.0,0.47041411,1000.0,283.15
8,285.15,12,1000.0,0.360802926,1000.0,283.15
8,287.15,14,1000.0,0.177401004,1000.0,287.15
8,289.15,16,1000.0,0.283939306,1000.0,287.15
8,291.15,18,1000.0,0.093342683,1000.0,291.15
8,293.15,20,597.9899497,1.088190588,517.5879397,291.15
8,295.15,22,628.1407035,0.175719086,432.160804,295.15
8,297.15,24,1000.0,0.246749446,572.8643216,295.15
8,299.15,26,1000.0,0.098325326,1000.0,299.15
8,301.15,28,1000.0,0.729680125,969.8492462,299.15
8,303.15,30,462.3115578,-3.895969489,115.5778894,303.15
8,305.15,32,924.6231156,0.559528485,733.6683417,303.15
8,307.15,34,482.4120603,0.104319959,286.4321608,307.15
8,309.15,36,487.4371859,0.052943576,135.678392,307.15
8,311.15,38,1000.0,0.17024037,366.8341709,311.15
8,313.15,40,206.0301508,0.066188321,206.0301508,311.15
9,283.15,10,1000.0,0.064573825,1000.0,283.15
9,285.15,12,1000.0,0.123369387,1000.0,283.15
9,287.15,14,804.0201005,0.060913422,613.0653266,287.15
9,289.15,16,1000.0,0.361274854,1000.0,287.15
9,291.15,18,1000.0,0.059788035,1000.0,291.15
9,293.15,20,949.7487437,0.562052161,859.2964824,291.15
9,295.15,22,1000.0,0.075732345,1000.0,295.15
9,297.15,24,1000.0,0.498712076,1000.0,295.15
9,299.15,26,1000.0,0.143597158,1000.0,299.15
9,301.15,28,648.241206,0.720636383,487.4371859,299.15
9,303.15,30,190.9547739,0.720480831,70.35175879,303.15
9,305.15,32,1000.0,-0.072840188,1000.0,303.15
9,307.15,34,211.0552764,0.083712057,155.7788945,307.15
9,309.15,36,1000.0,-0.027527553,170.8542714,307.15
9,311.15,38,1000.0,0.055505858,1000.0,311.15
9,313.15,40,306.5326633,0.043978259,261.3065327,311.15
10,283.15,10,1000.0,0.493956991,1000.0,283.15
10,285.15,12,1000.0,0.312110981,1000.0,283.15
10,287.15,14,1000.0,0.193123175,693.4673367,287.15
10,289.15,16,1000.0,0.257151034,1000.0,287.15
10,291.15,18,1000.0,0.046718775,1000.0,291.15
10,293.15,20,1000.0,0.448114957,1000.0,291.15
10,295.15,22,1000.0,0.007846252,1000.0,295.15
10,297.15,24,1000.0,0.936733567,1000.0,295.15
10,299.15,26,1000.0,0.116606032,633.1658291,299.15
10,301.15,28,663.3165829,0.204265847,381.9095477,299.15
10,303.15,30,402.0100503,0.613810535,85.42713568,303.15
10,305.15,32,1000.0,0.030575791,1000.0,303.15
10,307.15,34,341.7085427,0.836368646,261.3065327,307.15
10,309.15,36,281.4070352,0.211500286,95.47738693,307.15
10,311.15,38,577.8894472,0.247625555,261.3065327,311.15
10,313.15,40,190.9547739,0.060349155,190.9547739,311.15
11,283.15,10,1000.0,0.26120667,1000.0,283.15
11,285.15,12,1000.0,0.115262383,1000.0,283.15
11,287.15,14,1000.0,0.400413457,1000.0,287.15
11,289.15,16,1000.0,0.229328792,1000.0,287.15
11,291.15,18,1000.0,0.075526375,974.8743719,291.15
11,293.15,20,1000.0,0.187100572,1000.0,291.15
11,295.15,22,1000.0,0.641147891,1000.0,295.15
11,297.15,24,1000.0,0.342454497,1000.0,295.15
11,299.15,26,1000.0,0.073724854,1000.0,299.15
11,301.15,28,407.0351759,0.815345613,150.7537688,299.15
11,303.15,30,306.5326633,2.125493687,301.5075377,303.15
11,305.15,32,1000.0,0.073054538,1000.0,303.15
11,307.15,34,1000.0,0.084842212,1000.0,307.15
11,309.15,36,633.1658291,-2.357395244,170.8542714,307.15
11,311.15,38,1000.0,1.116252468,929.6482412,311.15
11,313.15,40,251.2562814,0.018392456,251.2562814,311.15
12,283.15,10,1000.0,0.529108571,1000.0,283.15
12,285.15,12,1000.0,0.713741609,1000.0,283.15
12,287.15,14,1000.0,0.145499495,1000.0,287.15
12,289.15,16,1000.0,0.2603844,1000.0,287.15
12,291.15,18,1000.0,0.01284278,1000.0,291.15
12,293.15,20,1000.0,0.392740751,1000.0,291.15
12,295.15,22,778.8944724,1.297446342,592.9648241,295.15
12,297.15,24,1000.0,-0.159281167,773.8693467,295.15
12,299.15,26,1000.0,0.195686243,1000.0,299.15
12,301.15,28,542.7135678,0.657124818,211.0552764,299.15
12,303.15,30,1000.0,-2.715304126,758.7939698,303.15
12,305.15,32,1000.0,-0.090420548,939.6984925,303.15
12,307.15,34,316.5829146,0.576567144,276.3819095,307.15
12,309.15,36,316.5829146,0.200850694,145.7286432,307.15
12,311.15,38,326.6331658,0.198729647,236.1809045,311.15
12,313.15,40,251.2562814,0.007508407,251.2562814,311.15
13,283.15,10,1000.0,0.288746256,1000.0,283.15
13,285.15,12,1000.0,0.529112594,824.120603,283.15
13,287.15,14,1000.0,0.171656856,1000.0,287.15
13,289.15,16,1000.0,0.297490578,1000.0,287.15
13,291.15,18,1000.0,0.025919237,1000.0,291.15
13,293.15,20,1000.0,0.514660153,1000.0,291.15
13,295.15,22,442.2110553,1.711989673,386.9346734,295.15
13,297.15,24,1000.0,-0.694558409,1000.0,295.15
13,299.15,26,1000.0,0.265634852,1000.0,299.15
13,301.15,28,381.9095477,0.733250575,276.3819095,299.15
13,303.15,30,1000.0,0.076612287,105.5276382,303.15
13,305.15,32,1000.0,-0.022339982,1000.0,303.15
13,307.15,34,1000.0,0.242324571,1000.0,307.15
13,309.15,36,663.3165829,-0.029072858,105.5276382,307.15
13,311.15,38,959.798995,0.010953042,427.1356784,311.15
13,313.15,40,266.3316583,0.013787754,266.3316583,311.15
14,283.15,10,1000.0,0.712460012,1000.0,283.15
14,285.15,12,1000.0,0.147903797,849.2462312,283.15
14,287.15,14,1000.0,0.436134582,773.8693467,287.15
14,289.15,16,1000.0,0.068892983,1000.0,287.15
14,291.15,18,1000.0,0.072733836,1000.0,291.15
14,293.15,20,1000.0,1.940509738,1000.0,291.15
14,295.15,22,1000.0,0.618549863,879.3969849,295.15
14,297.15,24,1000.0,0.17005635,814.0703518,295.15
14,299.15,26,1000.0,0.134941127,1000.0,299.15
14,301.15,28,1000.0,0.837422923,1000.0,299.15
14,303.15,30,125.6281407,0.701660125,60.30150754,303.15
14,305.15,32,1000.0,0.100268499,1000.0,303.15
14,307.15,34,226.1306533,0.282199357,190.9547739,307.15
14,309.15,36,442.2110553,-0.008403665,160.8040201,307.15
14,311.15,38,1000.0,-2.025627879,386.9346734,311.15
14,313.15,40,256.281407,0.040752668,256.281407,311.15
15,283.15,10,1000.0,0.465989227,1000.0,283.15
15,285.15,12,1000.0,0.311761901,1000.0,283.15
15,287.15,14,1000.0,0.195956052,1000.0,287.15
15,289.15,16,1000.0,0.015937403,1000.0,287.15
15,291.15,18,1000.0,0.17506873,1000.0,291.15
15,293.15,20,738.6934673,0.213085579,447.2361809,291.15
15,295.15,22,1000.0,0.522279626,668.3417085,295.15
15,297.15,24,1000.0,0.486829002,1000.0,295.15
15,299.15,26,577.8894472,0.492878979,507.5376884,299.15
15,301.15,28,577.8894472,0.168511486,306.5326633,299.15
15,303.15,30,1000.0,-0.463767389,90.45226131,303.15
15,305.15,32,1000.0,-0.052153916,1000.0,303.15
15,307.15,34,638.1909548,0.45794009,567.839196,307.15
15,309.15,36,231.1557789,0.04072316,85.42713568,307.15
15,311.15,38,954.7738693,0.078603237,422.1105528,311.15
15,313.15,40,190.9547739,0.020994499,190.9547739,311.15
16,283.15,10,1000.0,0.912025122,1000.0,283.15
16,285.15,12,1000.0,0.694363678,1000.0,283.15
16,287.15,14,1000.0,0.288680346,1000.0,287.15
16,289.15,16,1000.0,0.14966184,1000.0,287.15
16,291.15,18,1000.0,0.086577993,1000.0,291.15
16,293.15,20,834.1708543,0.571259324,819.0954774,291.15
16,295.15,22,1000.0,0.416022866,1000.0,295.15
16,297.15,24,1000.0,0.552848949,1000.0,295.15
16,299.15,26,577.8894472,0.224644834,386.9346734,299.15
16,301.15,28,603.0150754,0.090491786,296.4824121,299.15
16,303.15,30,668.3417085,-3.819762218,170.8542714,303.15
16,305.15,32,1000.0,0.089703467,1000.0,303.15
16,307.15,34,678.3919598,0.174681832,562.8140704,307.15
16,309.15,36,597.9899497,0.215485613,120.6030151,307.15
16,311.15,38,1000.0,-0.05889008,452.2613065,311.15
16,313.15,40,190.9547739,0.066515265,190.9547739,311.15
17,283.15,10,1000.0,0.891416344,1000.0,283.15
17,285.15,12,1000.0,0.481701833,1000.0,283.15
17,287.15,14,1000.0,0.457506507,899.4974874,287.15
17,289.15,16,1000.0,0.128251238,1000.0,287.15
17,291.15,18,1000.0,0.196928525,1000.0,291.15
17,293.15,20,1000.0,0.137668585,1000.0,291.15
17,295.15,22,321.6080402,0.250589485,311.5577889,295.15
17,297.15,24,1000.0,1.160348462,1000.0,295.15
17,299.15,26,1000.0,0.178056558,1000.0,299.15
17,301.15,28,527.638191,0.399282281,221.1055276,299.15
17,303.15,30,407.0351759,0.021697858,60.30150754,303.15
17,305.15,32,1000.0,0.17111239,1000.0,303.15
17,307.15,34,613.0653266,0.140893345,336.6834171,307.15
17,309.15,36,497.4874372,1.07809639,291.4572864,307.15
17,311.15,38,884.4221106,0.047474906,608.040201,311.15
17,313.15,40,376.8844221,0.023749064,291.4572864,311.15
18,283.15,10,1000.0,0.812425401,1000.0,283.15
18,285.15,12,1000.0,0.548373542,643.2160804,283.15
18,287.15,14,718.5929648,0.097418752,567.839196,287.15
18,289.15,16,1000.0,0.188474683,1000.0,287.15
18,291.15,18,1000.0,0.009560021,1000.0,291.15
18,293.15,20,311.5577889,0.567990508,271.3567839,291.15
18,295.15,22,939.6984925,0.376659102,773.8693467,295.15
18,297.15,24,1000.0,0.594426238,1000.0,295.15
18,299.15,26,1000.0,0.224688411,1000.0,299.15
18,301.15,28,1000.0,0.093480501,979.8994975,299.15
18,303.15,30,532.6633166,0.058336354,125.6281407,303.15
18,305.15,32,1000.0,-0.038170748,924.6231156,303.15
18,307.15,34,1000.0,-0.041234135,1000.0,307.15
18,309.15,36,386.9346734,0.090121591,100.5025126,307.15
18,311.15,38,447.2361809,0.309535476,236.1809045,311.15
18,313.15,40,296.4824121,-1.268650527,256.281407,311.15
19,283.15,10,1000.0,0.345834657,1000.0,283.15
19,285.15,12,1000.0,0.282418054,1000.0,283.15
19,287.15,14,1000.0,0.226676212,1000.0,287.15
19,289.15,16,1000.0,0.183096683,1000.0,287.15
19,291.15,18,1000.0,0.080903875,1000.0,291.15
19,293.15,20,1000.0,0.275390049,1000.0,291.15
19,295.15,22,678.3919598,1.20496902,517.5879397,295.15
19,297.15,24,1000.0,0.729968922,1000.0,295.15
19,299.15,26,638.1909548,0.236448592,547.7386935,299.15
19,301.15,28,301.5075377,0.850443299,221.1055276,299.15
19,303.15,30,1000.0,2.67594848,1000.0,303.15
19,305.15,32,1000.0,0.200728801,964.8241206,303.15
19,307.15,34,804.0201005,0.049662313,492.4623116,307.15
19,309.15,36,261.3065327,0.62203951,185.9296482,307.15
19,311.15,38,572.8643216,0.105201761,396.9849246,311.15
19,313.15,40,195.9798995,0.017390036,195.9798995,311.15
20,283.15,10,1000.0,0.434529807,1000.0,283.15
20,285.15,12,1000.0,0.287642089,1000.0,283.15
20,287.15,14,1000.0,0.339200421,1000.0,287.15
20,289.15,16,1000.0,0.026775334,1000.0,287.15
20,291.15,18,1000.0,0.039177927,1000.0,291.15
20,293.15,20,597.9899497,1.099632194,452.2613065,291.15
20,295.15,22,1000.0,0.307643784,1000.0,295.15
20,297.15,24,1000.0,0.096318767,844.2211055,295.15
20,299.15,26,1000.0,0.009945029,929.6482412,299.15
20,301.15,28,1000.0,0.740705979,1000.0,299.15
20,303.15,30,517.5879397,-0.539968101,497.4874372,303.15
20,305.15,32,1000.0,0.000518382,1000.0,303.15
20,307.15,34,412.0603015,0.475550852,336.6834171,307.15
20,309.15,36,1000.0,0.06988644,386.9346734,307.15
20,311.15,38,1000.0,0.116290949,346.7336683,311.15
20,313.15,40,1000.0,0.013940558,321.6080402,311.15
21,283.15,10,1000.0,0.448956079,1000.0,283.15
21,285.15,12,1000.0,0.277169277,854.2713568,283.15
21,287.15,14,1000.0,0.282873864,834.1708543,287.15
21,289.15,16,1000.0,0.219977297,1000.0,287.15
21,291.15,18,1000.0,0.075137931,1000.0,291.15
21,293.15,20,1000.0,0.5698195,1000.0,291.15
21,295.15,22,783.919598,-0.00442254,728.6432161,295.15
21,297.15,24,1000.0,1.536029489,778.8944724,295.15
21,299.15,26,1000.0,0.244166198,1000.0,299.15
21,301.15,28,366.8341709,0.299608616,366.8341709,299.15
21,303.15,30,276.3819095,0.666633153,70.35175879,303.15
21,305.15,32,1000.0,-0.074505456,899.4974874,303.15
21,307.15,34,1000.0,0.126206416,1000.0,307.15
21,309.15,36,1000.0,-0.749858455,211.0552764,307.15
21,311.15,38,356.7839196,0.314908055,306.5326633,311.15
21,313.15,40,271.3567839,0.004199115,256.281407,311.15
22,283.15,10,1000.0,0.357665523,1000.0,283.15
22,285.15,12,1000.0,0.490374503,1000.0,283.15
22,287.15,14,1000.0,0.272985075,1000.0,287.15
22,289.15,16,1000.0,0.358072399,1000.0,287.15
22,291.15,18,1000.0,0.062781157,1000.0,291.15
22,293.15,20,1000.0,0.433384531,1000.0,291.15
22,295.15,22,949.7487437,0.736441864,628.1407035,295.15
22,297.15,24,1000.0,1.330917385,894.4723618,295.15
22,299.15,26,1000.0,0.207768326,1000.0,299.15
22,301.15,28,407.0351759,0.06858226,281.4070352,299.15
22,303.15,30,1000.0,-0.440871545,1000.0,303.15
22,305.15,32,1000.0,-0.051580033,904.5226131,303.15
22,307.15,34,261.3065327,0.32578245,241.2060302,307.15
22,309.15,36,1000.0,0.11656842,291.4572864,307.15
22,311.15,38,1000.0,-0.01779556,457.2864322,311.15
22,313.15,40,195.9798995,0.040911201,195.9798995,311.15
23,283.15,10,1000.0,0.357825713,1000.0,283.15
23,285.15,12,1000.0,0.746738717,954.7738693,283.15
23,287.15,14,1000.0,0.241619595,1000.0,287.15
23,289.15,16,1000.0,0.173579864,1000.0,287.15
23,291.15,18,1000.0,0.074305758,819.0954774,291.15
23,293.15,20,1000.0,0.148614169,1000.0,291.15
23,295.15,22,864.321608,0.114702415,577.8894472,295.15
23,297.15,24,1000.0,1.98335009,1000.0,295.15
23,299.15,26,1000.0,0.026598361,1000.0,299.15
23,301.15,28,522.6130653,1.201379033,386.9346734,299.15
23,303.15,30,246.2311558,1.714526623,105.5276382,303.15
23,305.15,32,1000.0,-0.065851598,1000.0,303.15
23,307.15,34,1000.0,0.122275379,1000.0,307.15
23,309.15,36,351.758794,-0.010413065,105.5276382,307.15
23,311.15,38,356.7839196,0.486787479,241.2060302,311.15
23,313.15,40,271.3567839,0.066444271,271.3567839,311.15
24,283.15,10,1000.0,0.319054375,1000.0,283.15
24,285.15,12,1000.0,0.411739329,1000.0,283.15
24,287.15,14,1000.0,0.281278725,613.0653266,287.15
24,289.15,16,1000.0,0.208594923,1000.0,287.15
24,291.15,18,1000.0,0.141022216,1000.0,291.15
24,293.15,20,1000.0,0.020622673,1000.0,291.15
24,295.15,22,1000.0,0.424737308,738.6934673,295.15
24,297.15,24,1000.0,1.10388859,1000.0,295.15
24,299.15,26,819.0954774,0.08365029,763.8190955,299.15
24,301.15,28,1000.0,0.219801584,1000.0,299.15
24,303.15,30,170.8542714,-1.367151021,170.8542714,303.15
24,305.15,32,1000.0,-0.039340281,874.3718593,303.15
24,307.15,34,547.7386935,0.547130915,472.361809,307.15
24,309.15,36,1000.0,-0.011184267,140.7035176,307.15
24,311.15,38,487.4371859,0.096344002,251.2562814,311.15
24,313.15,40,1000.0,0.163596784,306.5326633,311.15
25,283.15,10,1000.0,0.298270648,1000.0,283.15
25,285.15,12,1000.0,0.11838744,1000.0,283.15
25,287.15,14,1000.0,0.158444868,743.718593,287.15
25,289.15,16,1000.0,0.453188433,954.7738693,287.15
25,291.15,18,1000.0,0.041890082,1000.0,291.15
25,293.15,20,703.5175879,0.275699221,542.7135678,291.15
25,295.15,22,1000.0,0.281604538,1000.0,295.15
25,297.15,24,1000.0,1.557137278,864.321608,295.15
25,299.15,26,643.2160804,0.089100354,452.2613065,299.15
25,301.15,28,316.5829146,0.459699066,160.8040201,299.15
25,303.15,30,487.4371859,0.19484934,65.32663317,303.15
25,305.15,32,1000.0,0.483308927,1000.0,303.15
25,307.15,34,467.3366834,0.169541854,316.5829146,307.15
25,309.15,36,477.3869347,0.839670155,231.1557789,307.15
25,311.15,38,1000.0,-0.097431877,824.120603,311.15
25,313.15,40,266.3316583,0.01980339,266.3316583,311.15
26,283.15,10,1000.0,0.311223641,1000.0,283.15
26,285.15,12,959.798995,0.174885381,708.5427136,283.15
26,287.15,14,1000.0,0.164423737,1000.0,287.15
26,289.15,16,1000.0,0.435326684,824.120603,287.15
26,291.15,18,1000.0,0.071862662,1000.0,291.15
26,293.15,20,1000.0,0.261228215,1000.0,291.15
26,295.15,22,467.3366834,0.157635771,341.7085427,295.15
26,297.15,24,1000.0,0.883542734,412.0603015,295.15
26,299.15,26,678.3919598,0.112325981,407.0351759,299.15
26,301.15,28,452.2613065,0.49586701,135.678392,299.15
26,303.15,30,467.3366834,0.482607547,100.5025126,303.15
26,305.15,32,623.1155779,0.005478197,577.8894472,303.15
26,307.15,34,954.7738693,0.1221997,552.7638191,307.15
26,309.15,36,758.7939698,0.368379886,170.8542714,307.15
26,311.15,38,412.0603015,0.094905192,276.3819095,311.15
26,313.15,40,256.281407,0.029531603,256.281407,311.15
27,283.15,10,1000.0,0.487045986,1000.0,283.15
27,285.15,12,949.7487437,0.347742864,582.9145729,283.15
27,287.15,14,1000.0,0.063190098,1000.0,287.15
27,289.15,16,1000.0,0.353416487,1000.0,287.15
27,291.15,18,1000.0,0.165603615,1000.0,291.15
27,293.15,20,824.120603,0.845275845,658.2914573,291.15
27,295.15,22,854.2713568,0.469956814,733.6683417,295.15
27,297.15,24,889.4472362,2.006972331,613.0653266,295.15
27,299.15,26,618.0904523,0.175194843,457.2864322,299.15
27,301.15,28,366.8341709,0.042830017,135.678392,299.15
27,303.15,30,457.2864322,-7.640642048,105.5276382,303.15
27,305.15,32,1000.0,-0.049732282,793.9698492,303.15
27,307.15,34,1000.0,0.145059047,979.8994975,307.15
27,309.15,36,1000.0,0.45929453,1000.0,307.15
27,311.15,38,1000.0,-0.295616743,723.6180905,311.15
27,313.15,40,201.0050251,0.032362286,201.0050251,311.15
28,283.15,10,1000.0,0.524542869,1000.0,283.15
28,285.15,12,1000.0,0.668878648,1000.0,283.15
28,287.15,14,1000.0,0.089069619,718.5929648,287.15
28,289.15,16,1000.0,-0.005902185,1000.0,287.15
28,291.15,18,1000.0,0.030574746,1000.0,291.15
28,293.15,20,894.4723618,0.227271865,678.3919598,291.15
28,295.15,22,1000.0,0.284679934,1000.0,295.15
28,297.15,24,1000.0,0.513216384,608.040201,295.15
28,299.15,26,618.0904523,0.155694505,306.5326633,299.15
28,301.15,28,346.7336683,0.009041891,175.879397,299.15
28,303.15,30,115.5778894,0.921313154,110.5527638,303.15
28,305.15,32,1000.0,0.006933824,1000.0,303.15
28,307.15,34,1000.0,0.078946386,1000.0,307.15
28,309.15,36,668.3417085,0.344310298,195.9798995,307.15
28,311.15,38,497.4874372,0.036063886,391.959799,311.15
28,313.15,40,1000.0,0.011824785,281.4070352,311.15
29,283.15,10,1000.0,0.796666956,1000.0,283.15
29,285.15,12,1000.0,0.536012738,1000.0,283.15
29,287.15,14,1000.0,0.43648347,849.2462312,287.15
29,289.15,16,1000.0,-0.008954034,834.1708543,287.15
29,291.15,18,1000.0,0.07448582,1000.0,291.15
29,293.15,20,1000.0,0.427839576,1000.0,291.15
29,295.15,22,1000.0,0.693520728,683.4170854,295.15
29,297.15,24,1000.0,-0.141532345,1000.0,295.15
29,299.15,26,1000.0,0.134308324,783.919598,299.15
29,301.15,28,1000.0,0.673683456,748.7437186,299.15
29,303.15,30,361.8090452,0.190261009,361.8090452,303.15
29,305.15,32,1000.0,-0.001278257,728.6432161,303.15
29,307.15,34,1000.0,0.085121955,1000.0,307.15
29,309.15,36,185.9296482,0.324005152,85.42713568,307.15
29,311.15,38,804.0201005,0.481599946,442.2110553,311.15
29,313.15,40,195.9798995,0.012920494,195.9798995,311.15
30,283.15,10,1000.0,0.285781044,1000.0,283.15
30,285.15,12,1000.0,0.278039419,1000.0,283.15
30,287.15,14,1000.0,0.458499541,934.6733668,287.15
30,289.15,16,1000.0,0.217758489,1000.0,287.15
30,291.15,18,1000.0,0.03657425,1000.0,291.15
30,293.15,20,1000.0,0.249053385,1000.0,291.15
30,295.15,22,753.7688442,0.234631662,442.2110553,295.15
30,297.15,24,1000.0,-0.370467109,608.040201,295.15
30,299.15,26,1000.0,0.097857012,854.2713568,299.15
30,301.15,28,386.9346734,0.218463434,165.8291457,299.15
30,303.15,30,517.5879397,-0.650723822,125.6281407,303.15
30,305.15,32,1000.0,-0.04528386,839.1959799,303.15
30,307.15,34,849.2462312,0.233831465,582.9145729,307.15
30,309.15,36,557.7889447,0.387497313,180.9045226,307.15
30,311.15,38,914.5728643,0.037757654,246.2311558,311.15
30,313.15,40,206.0301508,0.041753874,206.0301508,311.15
31,283.15,10,1000.0,0.464094111,919.5979899,283.15
31,285.15,12,1000.0,0.333775472,1000.0,283.15
31,287.15,14,1000.0,0.27849839,1000.0,287.15
31,289.15,16,1000.0,-0.020165808,1000.0,287.15
31,291.15,18,1000.0,0.146657193,1000.0,291.15
31,293.15,20,1000.0,0.20261105,1000.0,291.15
31,295.15,22,422.1105528,0.866532574,361.8090452,295.15
31,297.15,24,1000.0,1.322342098,1000.0,295.15
31,299.15,26,396.9849246,0.381306469,376.8844221,299.15
31,301.15,28,427.1356784,0.646711646,256.281407,299.15
31,303.15,30,125.6281407,1.360636035,75.37688442,303.15
31,305.15,32,1000.0,-0.05222016,758.7939698,303.15
31,307.15,34,356.7839196,0.124080607,296.4824121,307.15
31,309.15,36,663.3165829,0.024670121,100.5025126,307.15
31,311.15,38,1000.0,0.099644817,703.5175879,311.15
31,313.15,40,216.080402,0.053998791,211.0552764,311.15
32,283.15,10,1000.0,0.677515342,1000.0,283.15
32,285.15,12,1000.0,0.398951269,1000.0,283.15
32,287.15,14,1000.0,0.061604697,1000.0,287.15
32,289.15,16,1000.0,0.01473996,1000.0,287.15
32,291.15,18,1000.0,0.066669043,1000.0,291.15
32,293.15,20,1000.0,0.39368205,1000.0,291.15
32,295.15,22,768.8442211,0.36544627,753.7688442,295.15
32,297.15,24,1000.0,0.578932991,688.4422111,295.15
32,299.15,26,1000.0,0.159727376,1000.0,299.15
32,301.15,28,708.5427136,0.565239111,221.1055276,299.15
32,303.15,30,1000.0,1.593816075,854.2713568,303.15
32,305.15,32,1000.0,-0.050825537,1000.0,303.15
32,307.15,34,1000.0,0.203206909,814.0703518,307.15
32,309.15,36,648.241206,-3.121886962,462.3115578,307.15
32,311.15,38,663.3165829,0.206983781,296.4824121,311.15
32,313.15,40,266.3316583,0.022884301,266.3316583,311.15
33,283.15,10,864.321608,0.330311357,683.4170854,283.15
33,285.15,12,1000.0,0.398293057,1000.0,283.15
33,287.15,14,859.2964824,0.207854785,814.0703518,287.15
33,289.15,16,1000.0,0.115984519,1000.0,287.15
33,291.15,18,1000.0,0.130238128,1000.0,291.15
33,293.15,20,1000.0,0.497891534,1000.0,291.15
33,295.15,22,331.6582915,1.886369023,246.2311558,295.15
33,297.15,24,1000.0,1.052726484,1000.0,295.15
33,299.15,26,1000.0,0.049901901,733.6683417,299.15
33,301.15,28,281.4070352,0.75391474,221.1055276,299.15
33,303.15,30,718.5929648,1.722959081,698.4924623,303.15
33,305.15,32,1000.0,-0.034637908,1000.0,303.15
33,307.15,34,402.0100503,0.018476907,326.6331658,307.15
33,309.15,36,1000.0,-0.044181354,145.7286432,307.15
33,311.15,38,829.1457286,0.108729115,321.6080402,311.15
33,313.15,40,195.9798995,0.02517341,190.9547739,311.15
34,283.15,10,1000.0,0.536703201,1000.0,283.15
34,285.15,12,1000.0,0.348452991,1000.0,283.15
34,287.15,14,1000.0,0.144987452,1000.0,287.15
34,289.15,16,1000.0,0.286283867,1000.0,287.15
34,291.15,18,1000.0,0.052585077,1000.0,291.15
34,293.15,20,1000.0,0.129708168,1000.0,291.15
34,295.15,22,869.3467337,0.589096368,582.9145729,295.15
34,297.15,24,1000.0,0.301833258,708.5427136,295.15
34,299.15,26,944.7236181,0.02879835,643.2160804,299.15
34,301.15,28,482.4120603,1.164257122,376.8844221,299.15
34,303.15,30,1000.0,-0.063159173,371.8592965,303.15
34,305.15,32,1000.0,0.015151273,1000.0,303.15
34,307.15,34,336.6834171,0.223107766,236.1809045,307.15
34,309.15,36,613.0653266,0.584986422,572.8643216,307.15
34,311.15,38,412.0603015,0.121388212,341.7085427,311.15
34,313.15,40,206.0301508,0.163653035,201.0050251,311.15
35,283.15,10,1000.0,0.118352144,1000.0,283.15
35,285.15,12,1000.0,0.457341589,1000.0,283.15
35,287.15,14,1000.0,0.433494532,1000.0,287.15
35,289.15,16,1000.0,0.0911696,783.919598,287.15
35,291.15,18,1000.0,0.023118097,1000.0,291.15
35,293.15,20,1000.0,0.327865649,854.2713568,291.15
35,295.15,22,527.638191,2.42511117,376.8844221,295.15
35,297.15,24,778.8944724,0.817066718,547.7386935,295.15
35,299.15,26,678.3919598,0.149353002,432.160804,299.15
35,301.15,28,241.2060302,0.50970305,120.6030151,299.15
35,303.15,30,1000.0,1.180883785,1000.0,303.15
35,305.15,32,1000.0,0.404794871,964.8241206,303.15
35,307.15,34,582.9145729,0.32962101,497.4874372,307.15
35,309.15,36,507.5376884,0.108444984,125.6281407,307.15
35,311.15,38,1000.0,0.811800416,336.6834171,311.15
35,313.15,40,236.1809045,0.023976805,226.1306533,311.15
36,283.15,10,1000.0,0.256159536,1000.0,283.15
36,285.15,12,1000.0,0.328198779,1000.0,283.15
36,287.15,14,1000.0,0.223172188,1000.0,287.15
36,289.15,16,1000.0,0.027785241,1000.0,287.15
36,291.15,18,1000.0,0.062725662,1000.0,291.15
36,293.15,20,1000.0,0.257610786,1000.0,291.15
36,295.15,22,552.7638191,0.585602701,502.5125628,295.15
36,297.15,24,1000.0,0.416475715,1000.0,295.15
36,299.15,26,597.9899497,0.015146208,412.0603015,299.15
36,301.15,28,628.1407035,0.240949632,155.7788945,299.15
36,303.15,30,1000.0,1.080025747,1000.0,303.15
36,305.15,32,1000.0,-0.000157147,1000.0,303.15
36,307.15,34,1000.0,0.36885332,1000.0,307.15
36,309.15,36,1000.0,-2.486150853,206.0301508,307.15
36,311.15,38,512.5628141,0.158792983,296.4824121,311.15
36,313.15,40,1000.0,0.154162093,1000.0,311.15
37,283.15,10,1000.0,0.707717271,1000.0,283.15
37,285.15,12,1000.0,0.743387258,1000.0,283.15
37,287.15,14,1000.0,0.139476532,1000.0,287.15
37,289.15,16,1000.0,0.019180773,1000.0,287.15
37,291.15,18,1000.0,0.027846038,1000.0,291.15
37,293.15,20,1000.0,0.378913478,1000.0,291.15
37,295.15,22,1000.0,1.681948438,1000.0,295.15
37,297.15,24,1000.0,0.17512998,949.7487437,295.15
37,299.15,26,572.8643216,0.086631293,487.4371859,299.15
37,301.15,28,512.5628141,1.02199369,407.0351759,299.15
37,303.15,30,256.281407,-1.081475817,251.2562814,303.15
37,305.15,32,1000.0,0.135337835,1000.0,303.15
37,307.15,34,286.4321608,0.271286846,226.1306533,307.15
37,309.15,36,1000.0,0.106983846,1000.0,307.15
37,311.15,38,743.718593,0.191336047,472.361809,311.15
37,313.15,40,246.2311558,0.016245535,246.2311558,311.15
38,283.15,10,1000.0,0.42975094,1000.0,283.15
38,285.15,12,1000.0,0.821996948,1000.0,283.15
38,287.15,14,1000.0,0.443116709,1000.0,287.15
38,289.15,16,1000.0,0.095296804,974.8743719,287.15
38,291.15,18,1000.0,0.166392235,1000.0,291.15
38,293.15,20,316.5829146,0.28316135,316.5829146,291.15
38,295.15,22,914.5728643,0.338660804,844.2211055,295.15
38,297.15,24,1000.0,0.437463264,1000.0,295.15
38,299.15,26,422.1105528,0.315345825,361.8090452,299.15
38,301.15,28,1000.0,0.826570237,824.120603,299.15
38,303.15,30,648.241206,0.775231524,623.1155779,303.15
38,305.15,32,1000.0,0.058902324,1000.0,303.15
38,307.15,34,1000.0,0.064632398,1000.0,307.15
38,309.15,36,452.2613065,0.189005977,95.47738693,307.15
38,311.15,38,547.7386935,0.100161864,306.5326633,311.15
38,313.15,40,256.281407,0.102907343,251.2562814,311.15
39,283.15,10,1000.0,0.174132905,1000.0,283.15
39,285.15,12,1000.0,0.431897456,1000.0,283.15
39,287.15,14,929.6482412,0.189305966,608.040201,287.15
39,289.15,16,1000.0,0.079873567,1000.0,287.15
39,291.15,18,1000.0,0.077343323,1000.0,291.15
39,293.15,20,1000.0,0.478982179,829.1457286,291.15
39,295.15,22,1000.0,0.452567294,1000.0,295.15
39,297.15,24,1000.0,0.910578488,969.8492462,295.15
39,299.15,26,1000.0,0.226482363,1000.0,299.15
39,301.15,28,1000.0,0.11148662,246.2311558,299.15
39,303.15,30,643.2160804,-1.616462516,462.3115578,303.15
39,305.15,32,1000.0,-0.031841841,1000.0,303.15
39,307.15,34,1000.0,0.273515215,1000.0,307.15
39,309.15,36,1000.0,0.142165359,1000.0,307.15
39,311.15,38,934.6733668,-0.433728063,603.0150754,311.15
39,313.15,40,261.3065327,0.039629737,256.281407,311.15
40,283.15,10,1000.0,0.3943812,1000.0,283.15
40,285.15,12,1000.0,0.173633366,1000.0,283.15
40,287.15,14,1000.0,0.162759841,844.2211055,287.15
40,289.15,16,1000.0,0.301601945,1000.0,287.15
40,291.15,18,1000.0,0.095213297,1000.0,291.15
40,293.15,20,698.4924623,0.471164213,628.1407035,291.15
40,295.15,22,1000.0,0.44838396,1000.0,295.15
40,297.15,24,1000.0,0.160745355,1000.0,295.15
40,299.15,26,979.8994975,0.053490028,467.3366834,299.15
40,301.15,28,608.040201,0.304434704,266.3316583,299.15
40,303.15,30,1000.0,2.016779322,1000.0,303.15
40,305.15,32,1000.0,0.022871583,1000.0,303.15
40,307.15,34,1000.0,0.370043932,1000.0,307.15
40,309.15,36,432.160804,0.132383747,155.7788945,307.15
40,311.15,38,869.3467337,0.158780199,472.361809,311.15
40,313.15,40,1000.0,0.025016124,241.2060302,311.15
41,283.15,10,1000.0,0.271777053,1000.0,283.15
41,285.15,12,1000.0,0.645197059,909.5477387,283.15
41,287.15,14,1000.0,0.23798339,1000.0,287.15
41,289.15,16,1000.0,0.287897755,1000.0,287.15
41,291.15,18,1000.0,0.164683041,1000.0,291.15
41,293.15,20,291.4572864,0.682417083,226.1306533,291.15
41,295.15,22,1000.0,-0.229748326,1000.0,295.15
41,297.15,24,1000.0,0.043034028,1000.0,295.15
41,299.15,26,437.1859296,0.280727909,301.5075377,299.15
41,301.15,28,391.959799,0.178776706,286.4321608,299.15
41,303.15,30,226.1306533,2.023894798,105.5276382,303.15
41,305.15,32,1000.0,0.005036595,1000.0,303.15
41,307.15,34,351.758794,0.069602746,316.5829146,307.15
41,309.15,36,402.0100503,0.742815409,281.4070352,307.15
41,311.15,38,597.9899497,0.024366463,477.3869347,311.15
41,313.15,40,201.0050251,0.010199423,201.0050251,311.15
42,283.15,10,1000.0,0.58243972,1000.0,283.15
42,285.15,12,1000.0,0.279906959,1000.0,283.15
42,287.15,14,974.8743719,0.318257877,819.0954774,287.15
42,289.15,16,1000.0,0.116845514,1000.0,287.15
42,291.15,18,1000.0,0.091730898,1000.0,291.15
42,293.15,20,1000.0,0.231135481,1000.0,291.15
42,295.15,22,316.5829146,0.419245082,316.5829146,295.15
42,297.15,24,1000.0,0.652454385,1000.0,295.15
42,299.15,26,1000.0,0.2106215,1000.0,299.15
42,301.15,28,427.1356784,0.114270389,195.9798995,299.15
42,303.15,30,120.6030151,-1.961584528,120.6030151,303.15
42,305.15,32,1000.0,-0.057198477,829.1457286,303.15
42,307.15,34,512.5628141,0.25937216,396.9849246,307.15
42,309.15,36,592.9648241,-0.007554045,120.6030151,307.15
42,311.15,38,814.0703518,0.112951728,497.4874372,311.15
42,313.15,40,201.0050251,0.014353983,201.0050251,311.15
43,283.15,10,1000.0,0.464576176,1000.0,283.15
43,285.15,12,1000.0,0.409334563,1000.0,283.15
43,287.15,14,1000.0,0.318896421,1000.0,287.15
43,289.15,16,1000.0,0.12384875,1000.0,287.15
43,291.15,18,1000.0,0.088482377,1000.0,291.15
43,293.15,20,879.3969849,0.144103886,603.0150754,291.15
43,295.15,22,1000.0,0.534374047,1000.0,295.15
43,297.15,24,1000.0,0.774520911,1000.0,295.15
43,299.15,26,723.6180905,0.117250005,447.2361809,299.15
43,301.15,28,572.8643216,-0.026057187,366.8341709,299.15
43,303.15,30,487.4371859,1.640699176,472.361809,303.15
43,305.15,32,1000.0,-0.089755561,1000.0,303.15
43,307.15,34,763.8190955,0.36888059,648.241206,307.15
43,309.15,36,603.0150754,-0.007207279,95.47738693,307.15
43,311.15,38,452.2613065,0.427387429,351.758794,311.15
43,313.15,40,185.9296482,0.015156411,185.9296482,311.15
44,283.15,10,1000.0,0.374735519,1000.0,283.15
44,285.15,12,1000.0,0.163471808,773.8693467,283.15
44,287.15,14,1000.0,0.203896754,1000.0,287.15
44,289.15,16,1000.0,0.437984868,1000.0,287.15
44,291.15,18,1000.0,0.070004632,1000.0,291.15
44,293.15,20,487.4371859,0.444123125,427.1356784,291.15
44,295.15,22,1000.0,0.514314414,1000.0,295.15
44,297.15,24,1000.0,0.306348561,1000.0,295.15
44,299.15,26,1000.0,0.046869428,1000.0,299.15
44,301.15,28,422.1105528,0.094283877,155.7788945,299.15
44,303.15,30,1000.0,-0.6483493,70.35175879,303.15
44,305.15,32,1000.0,-0.035019286,1000.0,303.15
44,307.15,34,1000.0,0.527331513,1000.0,307.15
44,309.15,36,472.361809,-0.002864483,105.5276382,307.15
44,311.15,38,1000.0,0.030771586,703.5175879,311.15
44,313.15,40,236.1809045,0.010478705,236.1809045,311.15
45,283.15,10,1000.0,0.303508228,829.1457286,283.15
45,285.15,12,1000.0,0.330677275,1000.0,283.15
45,287.15,14,1000.0,0.130268577,753.7688442,287.15
45,289.15,16,1000.0,0.179848143,979.8994975,287.15
45,291.15,18,1000.0,0.127746929,1000.0,291.15
45,293.15,20,1000.0,0.453793557,1000.0,291.15
45,295.15,22,1000.0,2.42979057,1000.0,295.15
45,297.15,24,1000.0,0.38752799,1000.0,295.15
45,299.15,26,1000.0,0.22672454,929.6482412,299.15
45,301.15,28,778.8944724,0.509563312,301.5075377,299.15
45,303.15,30,844.2211055,0.607806799,824.120603,303.15
45,305.15,32,1000.0,-0.00253307,1000.0,303.15
45,307.15,34,1000.0,0.210323968,959.798995,307.15
45,309.15,36,517.5879397,0.066144672,85.42713568,307.15
45,311.15,38,326.6331658,0.201561635,236.1809045,311.15
45,313.15,40,231.1557789,0.017667452,226.1306533,311.15
46,283.15,10,1000.0,0.294883752,1000.0,283.15
46,285.15,12,1000.0,0.618438449,1000.0,283.15
46,287.15,14,1000.0,0.214115289,1000.0,287.15
46,289.15,16,1000.0,0.257521846,1000.0,287.15
46,291.15,18,1000.0,0.071995853,1000.0,291.15
46,293.15,20,1000.0,0.508268267,1000.0,291.15
46,295.15,22,311.5577889,1.087857032,261.3065327,295.15
46,297.15,24,1000.0,0.635480371,1000.0,295.15
46,299.15,26,1000.0,0.105921072,1000.0,299.15
46,301.15,28,507.5376884,0.281694436,442.2110553,299.15
46,303.15,30,1000.0,-0.430908283,90.45226131,303.15
46,305.15,32,1000.0,-0.014969106,929.6482412,303.15
46,307.15,34,356.7839196,0.143637036,346.7336683,307.15
46,309.15,36,723.6180905,0.058334004,120.6030151,307.15
46,311.15,38,1000.0,-0.81555246,1000.0,311.15
46,313.15,40,195.9798995,0.049295194,195.9798995,311.15
47,283.15,10,1000.0,0.462379474,1000.0,283.15
47,285.15,12,1000.0,0.192014296,1000.0,283.15
47,287.15,14,884.4221106,0.0772645,713.5678392,287.15
47,289.15,16,1000.0,-0.003119005,934.6733668,287.15
47,291.15,18,1000.0,0.084136668,1000.0,291.15
47,293.15,20,1000.0,0.253725265,1000.0,291.15
47,295.15,22,1000.0,0.296326297,1000.0,295.15
47,297.15,24,1000.0,0.62096923,1000.0,295.15
47,299.15,26,1000.0,0.067384535,1000.0,299.15
47,301.15,28,1000.0,-0.036912849,482.4120603,299.15
47,303.15,30,190.9547739,-3.226576988,85.42713568,303.15
47,305.15,32,713.5678392,-0.047970304,572.8643216,303.15
47,307.15,34,281.4070352,0.759467036,236.1809045,307.15
47,309.15,36,613.0653266,0.054514436,135.678392,307.15
47,311.15,38,472.361809,0.008988907,296.4824121,311.15
47,313.15,40,251.2562814,0.030419784,251.2562814,311.15
48,283.15,10,1000.0,0.558892112,1000.0,283.15
48,285.15,12,1000.0,0.569834442,1000.0,283.15
48,287.15,14,969.8492462,0.212223058,919.5979899,287.15
48,289.15,16,1000.0,0.05822544,1000.0,287.15
48,291.15,18,1000.0,0.219876198,1000.0,291.15
48,293.15,20,1000.0,0.681938083,939.6984925,291.15
48,295.15,22,839.1959799,1.044806491,673.3668342,295.15
48,297.15,24,979.8994975,0.08400227,577.8894472,295.15
48,299.15,26,1000.0,0.136510794,849.2462312,299.15
48,301.15,28,1000.0,0.347228877,482.4120603,299.15
48,303.15,30,105.5276382,0.745194,60.30150754,303.15
48,305.15,32,1000.0,-0.035757207,1000.0,303.15
48,307.15,34,824.120603,0.297336679,819.0954774,307.15
48,309.15,36,1000.0,0.370194396,1000.0,307.15
48,311.15,38,924.6231156,0.006502042,407.0351759,311.15
48,313.15,40,286.4321608,0.045480262,251.2562814,311.15
49,283.15,10,1000.0,0.365947142,1000.0,283.15
49,285.15,12,1000.0,0.505512057,1000.0,283.15
49,287.15,14,1000.0,0.200470366,1000.0,287.15
49,289.15,16,1000.0,0.284490538,1000.0,287.15
49,291.15,18,1000.0,-0.008297271,1000.0,291.15
49,293.15,20,1000.0,0.297016581,788.9447236,291.15
49,295.15,22,1000.0,-0.234268763,1000.0,295.15
49,297.15,24,1000.0,0.81054058,1000.0,295.15
49,299.15,26,1000.0,0.276526735,1000.0,299.15
49,301.15,28,301.5075377,0.497004514,165.8291457,299.15
49,303.15,30,170.8542714,1.561106276,90.45226131,303.15
49,305.15,32,1000.0,0.027789114,929.6482412,303.15
49,307.15,34,1000.0,-0.040454185,1000.0,307.15
49,309.15,36,683.4170854,0.152398161,472.361809,307.15
49,311.15,38,1000.0,0.105956856,678.3919598,311.15
49,313.15,40,1000.0,0.313467294,206.0301508,311.15
50,283.15,10,1000.0,0.416509062,1000.0,283.15
50,285.15,12,1000.0,0.17486629,964.8241206,283.15
50,287.15,14,1000.0,0.242532987,1000.0,287.15
50,289.15,16,1000.0,0.016146841,1000.0,287.15
50,291.15,18,1000.0,0.098526291,1000.0,291.15
50,293.15,20,1000.0,0.36714275,1000.0,291.15
50,295.15,22,1000.0,0.291409565,497.4874372,295.15
50,297.15,24,1000.0,-0.385519713,1000.0,295.15
50,299.15,26,1000.0,0.145392471,688.4422111,299.15
50,301.15,28,1000.0,1.014504682,804.0201005,299.15
50,303.15,30,211.0552764,1.605176709,135.678392,303.15
50,305.15,32,1000.0,0.019787177,1000.0,303.15
50,307.15,34,271.3567839,0.203505855,226.1306533,307.15
50,309.15,36,195.9798995,0.749648878,95.47738693,307.15
50,311.15,38,763.8190955,0.223126602,236.1809045,311.15
50,313.15,40,231.1557789,0.008702815,231.1557789,311.15
